awb,source,target,peso,pesotaxavel
4705860820,LIS,MPM,1,
020-98338170,LIS,SSG,2,"5,5"
020-98338166,LIS,SSG,14,"16,5"
118-11347814,LIS,LAD,58,
047-05860875,LIS,MPM,2,
4705860886,LIS,MPM,23,
4705860864,LIS,MPM,433,
12591080334,LIS,KUL,119,119
4705860890,LIS,MPM,131,
4705860853,LIS,MPM,365,
020-98338192,LIS,SSG,27,27
176-16453415,LIS,LLW,40,
176-16453426,LIS,LLW,46,
047-05860901,LIS,MPM,56,
331-84578200,LIS,RAI,13,
047-05860912,LIS,MPM,373,
331-84578211,LIS,RAI,40,
047-05860923,LIS,MPM,2,
331-84578222,LIS,PDL,55,"56,25"
331-84578233,LIS,HOR,55,"56,25"
047-05860945,LIS,MPM,8,8
047-05860934,LIS,MPM,56,"86,4"
470-20172121,LIS,TMS,119,240
047-05860956,LIS,RAI,53,"80,9"
047-05860971,LIS,RAI,12,"17,72"
118-11347862,LIS,CBT,30,30
235-78363062,LIS,ISB,620,"1108,64"
047-05860982,LIS,MPM,67,67
047-05860993,LIS,MPM,5,5
047-05861004,LIS,MPM,26,64
047-05861015,LIS,RAI,28,32
047-05861026,LIS,MPM,1800,1800
047-05861030,LIS,RAI,40,64
118-11347910,LGG,LAD,9,"10,82"
047-05861041,LIS,MPM,7,"17,41"
047-05861052,LIS,RAI,5,"12,13"
047-05861063,LHR,VXE,117,"161,33"
118-11347906,LIS,LAD,"3,5","3,5"
057-94480934,LIS,SSG,23,"62,93"
057-94480945,LIS,SSG,137,"192,34"
047-05861074,LIS,MPM,1360,1360
221-03233311,LIS,FNC,29,"39,22"
118-11347976,LIS,LAD,101,101
331-84578244,LIS,PDL,"0,5","0,5"
020-98338181,LIS,ATH,"0,2","0,66"
047-05861100,LIS,MPM,23,"29,08"
047-05861111,LIS,MPM,500,500
047-05861122,LIS,MPM,46,64
118-11347921,LIS,LAD,1228,1228
331-84578266,LIS,TER,19,"21,2"
331-84578270,LIS,PDL,15,16
047-05861166,LIS,MPM,440,440
047-05861170,LIS,MPM,160,248
057-94480956,LIS,SSG,622,622
047-05861181,LIS,MPM,11,"30,4"
047-05861192,LIS,MPM,218,"342,4"
331-84578255,LIS,TER,2,2
047-05861203,LIS,MPM,208,208
047-05861225,LIS,RAI,129,"180,17"
221-03233322,LIS,FNC,6,"10,56"
047-05861236,LIS,MPM,17,"18,65"
118-11347954,LIS,LAD,182,194
047-05861240,LIS,RAI,84,"122,67"
047-05861273,LIS,MPM,134,134
221-03233333,LIS,FNC,499,499
047-05861295,LIS,ZRH,"18,5","18,5"
157-15332925,LIS,MFM,41,"46,52"
331-84578281,LIS,TER,18,"23,47"
057-94480960,LIS,SSG,253,"332,16"
047-05861310,LIS,MPM,31,31
047-05861321,LIS,MPM,188,188
075-46456480,LIS,MAD,189,189
047-05861365,LIS,MPM,45,45
331-84704104,LIS,PDL,4,4
047-05862511,LIS,RAI,9,"13,92"
047-05861380,LIS,MPM,26,26
221-03233355,LIS,FNC,13,13
118-11348050,LIS,LAD,332,"352,8"
331-84704115,LIS,HOR,"0,2","0,2"
221-03233366,LIS,FNC,46,46
331-84704126,LIS,PDL,55,55
331-84704130,LIS,PIX,7,7
047-05861391,LIS,MPM,6,6
235-78363073,LIS,SVO,454,454
047-05861402,LIS,MPM,61,"143,97"
047-05861413,LIS,MPM,9,"17,72"
057-94480971,LIS,SSG,23,"36,8"
047-05861424,LIS,MPM,116,116
331-84704141,LIS,PDL,44,44
047-05861435,LIS,MPM,51,"63,23"
221-03233370,LIS,FNC,5,"10,08"
047-05861446,LIS,MPM,8,"13,33"
331-84704152,LIS,TER,3,3
118-11348083,LIS,LAD,240,240
221-03233381,LIS,FNC,25,"26,75"
331-84704163,LIS,PDL,96,96
331-84704174,LIS,PIX,15,15
331-84704185,LIS,SMA,10,10
331-84704196,LIS,TER,10,10
331-84704200,LIS,PIX,70,"84,8"
235-78363106,LIS,TUN,70,70
057-94480982,LIS,SSG,130,"147,73"
057-94480993,LIS,SSG,187,"227,6"
047-05861461,LIS,MPM,36,"77,47"
047-05861472,LIS,MPM,256,256
047-05861483,LIS,MPM,124,"229,6"
047-05861494,LIS,MPM,83,83
221-03233392,LIS,FNC,33,33
047-05861505,LIS,RAI,44,"68,01"
235-78363110,LIS,CPT,390,390
221-03233403,LIS,FNC,73,73
331-84704211,LIS,PDL,16,"19,25"
331-84704222,LIS,TER,26,26
047-05861520,LIS,MPM,28,50
331-84704233,LIS,HOR,2,"10,67"
047-05861542,LIS,MPM,132,132
047-05861564,LIS,MPM,735,896
047-05861575,LIS,MPM,173,173
047-05861586,LIS,MPM,396,396
047-05861590,LIS,MPM,154,"248,53"
331-84704244,LIS,TER,26,26
047-05861601,LIS,MPM,106,"119,47"
047-05861612,LIS,MPM,115,115
047-05861623,LIS,MPM,860,860
047-05861634,LIS,MPM,26,"35,43"
221-03233414,LIS,FNC,33,33
331-84704255,LIS,PDL,36,36
331-84704266,LIS,TER,17,17
331-84704270,LIS,SJZ,1,1
331-84704281,LIS,PDL,24,24
118-11413570,LIS,LAD,490,490
331-84704292,LIS,SMA,5,5
331-84704303,LIS,PDL,11,11
221-03233425,LIS,FNC,20,20
331-84704314,LIS,PIX,136,136
047-05861656,LIS,MPM,85,"172,8"
331-84704325,LIS,HOR,1,1
221-03763104,LIS,FNC,13,"23,22"
157-16618324,LAX,MPM,9,"14,52"
098-88009692,LHR,BOM,65,65
176-16453430,LIS,EBL,1278,1278
057-94481004,LIS,SSG,2,"5,18"
047-05861704,LIS,MPM,595,"688,27"
221-03763115,LIS,FNC,934,934
221-03763126,LIS,FNC,30,"86,4"
331-84704336,LIS,PDL,25,"86,43"
221-03763130,LIS,FNC,47,47
331-84704362,LIS,PDL,60,60
331-84704340,LIS,TER,15,15
331-84704351,LIS,PIX,5,5
047-05861726,LIS,MPM,24,24
221-03763141,LIS,FNC,21,21
235-78363132,LIS,ISB,434,"776,05"
047-05861741,LIS,MPM,33,"42,4"
047-05861752,LIS,MPM,36,"106,39"
047-05861763,LIS,MPM,313,"347,73"
047-05861774,LIS,MPM,86,86
221-03763152,LIS,FNC,18,18
331-84704373,LIS,PDL,20,20
331-84704384,LIS,TER,50,"64,63"
331-84704395,LIS,HOR,5,5
331-84704406,LIS,SMA,5,5
221-03763163,LIS,FNC,7,"16,85"
057-94481015,LIS,SSG,21,"26,67"
118-11413640,LIS,LAD,1077,1077
470-20172132,LIS,TMS,343,343
118-11413651,LIS,LAD,25,"50,42"
047-05861785,LIS,MPM,37,"60,8"
551-40133472,LIS,OXB,405,"803,78"
047-05861796,LIS,MPM,222,222
047-05861800,LIS,RAI,58,"90,67"
221-03763174,LIS,FNC,4,4
331-84704410,LIS,PDL,4,4
047-05861811,LHR,VXE,215,215
221-03763185,LIS,FNC,41,41
331-84704421,LIS,PDL,49,49
331-84704432,LIS,TER,16,16
331-84704443,LIS,PIX,5,"9,63"
331-84704454,LIS,SMA,10,10
118-11413695,LIS,LAD,170,176
118-11413706,LIS,LAD,176,176
047-05861822,LIS,MPM,4,"4,68"
047-05861833,LIS,MPM,176,176
047-05861855,LIS,MPM,6,"11,39"
118-11413710,LIS,LAD,1330,1330
118-11413732,LIS,LAD,27,"86,4"
221-03763196,LIS,FNC,44,44
331-84704465,LIS,PDL,15,15
331-84704476,LIS,SMA,5,5
331-84704480,LIS,PIX,11,11
047-05861870,LIS,MPM,7,"9,33"
047-05861881,LIS,MPM,104,160
057-94481026,LIS,SSG,24,"78,01"
331-84704491,LIS,PDL,10,10
118-11413765,LIS,LAD,514,514
047-05861914,LIS,MPM,1,2
221-03763200,LIS,FNC,17,17
331-84704502,LIS,PDL,39,39
331-84704513,LIS,TER,5,5
331-84704524,LIS,TER,2,2
047-05861936,LIS,MPM,5,5
118-11413776,LIS,LAD,813,813
221-03763211,LIS,FNC,11,"17,34"
071-39942361,XMN,MPM,166,166
331-84704535,LIS,PDL,45,"47,79"
176-60968331,LIS,PEK,130,130
221-03763222,LIS,FNC,133,133
331-84704546,LIS,PDL,26,26
057-94481030,LIS,SSG,743,845
057-94481041,LIS,SSG,18,32
331-84704550,LIS,PDL,50,50
047-05861973,LIS,MPM,11,"13,4"
047-05861984,LIS,MPM,444,444
221-03763233,LIS,FNC,37,37
331-84704561,LIS,PDL,35,35
331-84704572,LIS,TER,10,10
331-84704583,LIS,TER,30,30
047-05862006,LIS,MPM,21,"22,64"
118-11413813,LIS,LAD,1560,1560
331-84704594,LIS,HOR,5,"20,83"
221-03763244,LIS,FNC,"27,5","40,16"
118-11413835,LIS,LAD,34,"92,8"
047-05862021,MXP,MPM,"30,6","35,67"
331-84704605,LIS,PDL,170,182
047-05862043,LIS,RAI,59,79
221-03763255,LIS,FNC,16,16
331-84704616,LIS,PDL,35,35
331-84704620,LIS,TER,13,13
331-84704631,LIS,SMA,12,12
331-84704642,LIS,SMA,5,5
047-05862054,LIS,DFW,74,74
221-03763266,LIS,FNC,17,17
047-05862065,LIS,MPM,124,"186,67"
047-05862076,LIS,MPM,20,"22,82"
047-05862080,LIS,FNC,"7,5","7,5"
047-05862091,LIS,MPM,144,"209,96"
221-03763270,LIS,FNC,4,4
057-94481052,LIS,SSG,380,"465,67"
118-11413872,LIS,CAB,1,1
047-05862113,LIS,MPM,21,"21,44"
331-84704653,LIS,PDL,47,"169,77"
047-05862135,LIS,MPM,125,125
221-03763281,LIS,FNC,61,61
331-84704664,LIS,PDL,71,71
331-84704675,LIS,TER,14,14
331-84704686,LIS,PIX,5,5
331-84704690,LIS,SMA,5,5
331-84704701,LIS,CVU,2,"4,67"
047-05862146,LIS,MPM,153,"271,8"
221-03763292,LIS,FNC,44,44
118-11413905,LIS,LAD,1564,1564
331-84704712,LIS,PDL,60,60
331-84704723,LIS,TER,9,9
057-94481063,LIS,PNR,"78,5",88
047-05862150,LIS,MPM,43,43
221-03763303,LIS,FNC,"735,84","735,84"
331-84704734,LIS,PDL,7,7
047-05862172,LIS,MPM,66,66
331-84704745,LIS,SJZ,23,"30,37"
221-03763314,LIS,FNC,4,"10,3"
057-94481074,LIS,SSG,17,32
235-78363191,LIS,ICN,197,"225,37"
157-14149940,PEK,MPM,177,177
221-03763325,LIS,FNC,40,40
331-84704756,LIS,PDL,41,41
331-84704760,LIS,TER,53,53
331-84704771,LIS,PIX,6,6
118-11413942,LIS,LAD,300,300
118-11413953,LIS,LAD,1980,1980
047-05862194,LIS,MPM,5,5
331-84704782,LIS,TER,2,8
331-84704793,LIS,SJZ,37,"64,53"
047-05862205,LIS,MPM,98,"227,2"
118-11413931,LIS,LAD,709,709
331-84704804,LIS,PDL,15,16
221-03763336,LIS,FNC,13,13
331-84704815,LIS,PDL,41,41
331-84704826,LIS,TER,7,7
047-05862216,LIS,MPM,53,"112,21"
047-05862220,LIS,MPM,95,95
047-05862231,LIS,MPM,204,204
047-05862253,LIS,MPM,10,"18,56"
057-94481085,LIS,SSG,31,40
047-05862264,LIS,MPM,8,"13,33"
118-11413975,LIS,LAD,351,432
221-03763340,LIS,FNC,19,19
118-11413990,LIS,LAD,"7,5","25,67"
235-78363180,LIS,ICN,120,"194,41"
118-11414001,LIS,LAD,57,57
331-84704830,LIS,TER,62,62
057-94481096,LIS,SSG,177,"275,09"
047-05862290,LIS,MPM,51,96
157-25790402,IAD,MPM,109,109
221-03775656,LIS,FNC,42,42
331-84704841,LIS,PDL,38,38
331-84704852,LIS,TER,19,19
331-84704863,LIS,HOR,5,5
118-11423521,LIS,LAD,1350,1350
057-94481100,LIS,SSG,16,"22,4"
057-94481111,LIS,SSG,6,"9,07"
047-05862312,LIS,MPM,3,3
221-03775660,LIS,FNC,4,"10,3"
047-05862323,LIS,MPM,85,"87,91"
047-05862334,LIS,MPM,41,"93,6"
470-20172143,LIS,TMS,181,224
118-11423554,LIS,LAD,720,"735,95"
221-03775671,LIS,FNC,31,31
331-84704874,LIS,PDL,26,26
331-84704885,LIS,TER,5,5
331-84704896,LIS,SJZ,40,"72,4"
047-05862345,LIS,MPM,28,"30,4"
047-05862356,LIS,MPM,310,"491,2"
235-78363202,LIS,ISB,806,"1333,23"
047-05862360,LIS,MPM,866,866
047-05862371,LIS,MPM,111,"204,3"
331-84704900,LIS,PDL,15,"16,85"
221-03775682,LIS,FNC,9,"9,63"
057-94481122,LIS,SSG,26,26
047-05862382,LIS,MPM,358,358
047-05862393,LIS,JFK,62,"97,58"
047-05862404,LIS,MPM,159,"251,2"
047-05862415,LIS,MPM,548,548
118-11423576,LIS,CBT,50,50
047-05862426,LIS,MPM,1,2
047-05862430,LIS,MPM,3,3
221-03775693,LIS,FNC,26,26
331-84704911,LIS,PDL,52,52
331-84704922,LIS,TER,87,87
331-84704933,LIS,PIX,5,5
047-05862441,LIS,MPM,242,242
047-05862452,LIS,MPM,246,246
932-48954334,MIL,LOS,90,261
118-11423580,LIS,LAD,"45,5","45,5"
118-11423602,LIS,LAD,787,787
221-03775704,LIS,FNC,15,"25,92"
047-05862463,LIS,MPM,6,6
047-05862474,LIS,MPM,753,753
118-11423613,LIS,LAD,295,"358,4"
047-05862485,LIS,MPM,48,"69,07"
047-05862496,LIS,MPM,272,272
221-03775715,LIS,FNC,24,24
331-84704944,LIS,PDL,9,9
331-84704955,LIS,TER,14,14
331-84704966,LIS,SMA,16,16
331-84704970,LIS,PIX,8,8
047-05862500,LIS,MPM,61,"92,66"
221-03233344,LIS,FNC,10,10
047-05862522,LIS,MPM,23,23
221-03775726,LIS,FNC,5,5
047-05862533,LIS,MPM,212,212
047-05862544,LIS,MPM,21,"27,62"
331-84704981,LIS,PDL,35,35
047-05862555,LIS,MPM,3,3
331-84704992,LIS,SJZ,20,"32,02"
331-84705003,LIS,PDL,101,101
057-94481133,LIS,SSG,297,"489,69"
221-03775730,LIS,FNC,10,"16,5"
221-03775741,LIS,FNC,36,36
331-84705014,LIS,PDL,41,41
331-84705025,LIS,TER,19,19
331-84705036,LIS,PIX,6,6
331-84705040,LIS,HOR,7,7
331-84705051,LIS,SJZ,2,2
118-11423646,LIS,LAD,308,308
118-11423650,LIS,LAD,634,634
118-11423661,LIS,LAD,"7,5","7,5"
047-05862581,LIS,MPM,11,32
047-05862592,LIS,MPM,65,"66,99"
047-05862603,LIS,MPM,49,"87,44"
071-40837996,CAN,MPM,12,12
176-60968353,LIS,ADD,906,906
047-05862614,LIS,MPM,111,"175,13"
047-05862625,LIS,MPM,376,376
071-40829574,CAN,MPM,304,360
331-84705062,LIS,PDL,15,"47,79"
331-84705073,LIS,TER,15,"47,79"
331-84705084,LIS,HOR,15,"47,79"
221-03775752,LIS,FNC,65,65
331-84705095,LIS,PDL,39,39
331-84705106,LIS,PIX,4,4
331-84705110,LIS,SJZ,33,33
047-05862640,LIS,RAI,96,"133,4"
047-05862651,LIS,RAI,11,11
118-11423672,LIS,LAD,109,"124,8"
221-03775763,LIS,FNC,3,6
221-03775774,LIS,FNC,1010,1010
221-03775785,LIS,TER,2,2
221-03775796,LIS,FNC,44,44
221-03775800,LIS,FNC,32,32
047-05862673,LIS,MPM,93,"242,78"
047-05862684,LIS,MPM,180,"249,6"
047-05862695,LIS,MPM,175,175
118-11423716,LIS,CBT,195,195
057-94481144,LIS,SSG,3,5
057-94481155,LIS,SSG,63,"104,89"
047-05862710,LIS,MPM,184,"234,64"
221-03775811,LIS,FNC,48,48
331-84705121,LIS,PDL,28,28
331-84705132,LIS,HOR,15,15
118-11423731,LIS,LAD,108,108
118-11423742,LIS,CAB,30,30
047-05862721,LIS,MPM,30,64
047-05862732,LIS,MPM,6,6
047-05862743,LIS,MPM,3,3
118-11423753,LIS,LAD,1091,1091
047-05862754,LIS,MPM,"25,5","25,5"
057-94481166,LIS,SSG,24,"44,52"
047-05862765,LIS,MPM,9,"13,33"
047-05862776,LIS,MPM,23,"50,83"
331-84705143,LIS,SJZ,31,"56,44"
047-05862780,LIS,MPM,1,"3,28"
221-03775822,LIS,FNC,29,29
331-84705154,LIS,PDL,6,6
331-84705165,LIS,TER,4,4
047-05862791,LIS,MPM,20,20
615-05486471,LIS,RAI,232,"258,8"
047-05862802,LIS,MPM,11,18
047-05862824,LIS,OXB,23,23
221-03775833,LIS,FNC,"7,5","15,89"
118-11423775,LIS,LAD,72,72
118-11423786,LIS,LAD,289,"347,2"
047-05862846,LIS,MPM,24,"34,02"
221-03775844,LIS,FNC,27,27
331-84705176,LIS,PDL,55,55
331-84705180,LIS,TER,30,30
331-84705191,LIS,HOR,3,3
331-84705202,LIS,PDL,4,6
157-19271486,LHR,MPM,14,"25,42"
118-11423801,LIS,LAD,"1096,5","1096,5"
047-05862850,LIS,MPM,240,"327,58"
047-05862861,LIS,MPM,30,"37,74"
047-05862872,LIS,MPM,16,"16,61"
047-05862883,LIS,MPM,33,33
221-03775855,LIS,FNC,"49,5","49,5"
331-84705213,LIS,PDL,30,30
331-84705224,LIS,TER,"19,5","19,5"
331-84705235,LIS,SMA,"5,5","5,5"
057-00424852,LIS,SSG,32,"65,6"
221-03775866,LIS,FNC,24,24
118-11423834,LIS,LAD,450,450
047-05862916,LIS,MPM,684,684
047-05862920,LIS,MPM,276,"417,6"
221-03775870,LIS,FNC,530,530
331-84705246,LIS,SJZ,41,"80,17"
221-03775881,LIS,FNC,44,44
047-05862942,LIS,MPM,50,50
047-05862964,LIS,MPM,204,"276,46"
047-05862975,LIS,MPM,4,"8,53"
047-05862986,LIS,MPM,15,"23,2"
047-05862990,LIS,MPM,42,"64,01"
221-03775892,LIS,FNC,12,12
331-84705250,LIS,PDL,5,5
331-84705261,LIS,PIX,"3,5","3,5"
047-05863012,LIS,MPM,43,"67,2"
047-05863045,CLE,LAD,1284,1284
047-05863056,LIS,MPM,13,32
118-11423860,LIS,LAD,525,525
057-00424863,LIS,SSG,252,252
047-05863060,LIS,FNC,5,5
047-05863071,LIS,MPM,149,149
331-84705272,LIS,PDL,"0,5","0,5"
047-05863082,LIS,MPM,35,"44,6"
057-00424874,LIS,SSG,117,"140,8"
235-78363235,LIS,KHI,620,"954,35"
221-03906210,LIS,FNC,26,26
331-84705283,LIS,PDL,37,37
331-84757304,LIS,TER,1,"1,88"
331-84757315,LIS,PIX,5,5
047-05863104,LIS,MPM,8,"14,39"
047-05863115,LHR,VXE,146,146
047-05863126,LIS,MPM,4,"4,68"
047-05863130,LIS,MPM,18,32
221-03906232,LIS,FNC,8,"13,39"
057-00424885,LIS,SSG,72,90
331-82762794,LIS,HOR,1,"1,88"
331-84039476,LIS,SMA,1,"1,88"
221-03906243,LIS,FNC,34,34
118-11423882,LIS,LAD,485,485
221-03906254,LIS,FNC,37,37
047-05863185,LIS,MPM,8,"13,33"
057-00424896,LIS,SSG,32,64
331-84757326,LIS,SJZ,21,"35,42"
047-05863211,LIS,RAI,20,"26,67"
047-05863222,LIS,RAI,43,43
118-11423904,LIS,CBT,21,21
221-03906221,LIS,FNC,25,25
221-03906265,LIS,FNC,66,66
331-84757330,LIS,PDL,30,30
331-84757341,LIS,TER,18,18
331-84757352,LIS,GRW,"2,5","3,75"
331-84757363,LIS,SJZ,240,"346,67"
118-11423915,LIS,CAB,110,"141,67"
047-05863233,LIS,MPM,3,3
047-05863244,LIS,MPM,67,"98,4"
047-05863255,LIS,RAI,,
221-03906276,LIS,FNC,2,"2,17"
047-05863266,LIS,RAI,,
047-05863270,LIS,RAI,,
047-05863281,LIS,RAI,,
047-05863292,LIS,RAI,,
047-05863303,LIS,RAI,141,"231,53"
221-03906280,LIS,FNC,16,"16,22"
221-03906291,LIS,FNC,20,"31,67"
221-03906302,LIS,PDL,"15,5","15,5"
331-84757374,LIS,TER,"1,2","1,33"
047-05863325,LIS,MPM,9,9
118-11423952,LIS,LAD,952,952
047-05863336,LIS,VXE,640700,640700
221-03906313,LIS,FNC,"13,5","13,5"
331-84757385,LIS,PDL,50,50
331-84757396,LIS,TER,50,50
047-05863340,LIS,MPM,860,860
221-03906324,LIS,FNC,16,"26,67"
221-03906335,LIS,PDL,12,"14,67"
331-84757400,LIS,PIX,"1,5","3,33"
331-84757411,LIS,PDL,50,50
047-05863351,LIS,MPM,116,116
047-05863362,LIS,MPM,114,"133,99"
221-03906346,LIS,FNC,6,6
331-84757422,LIS,PDL,3,3
331-84757433,LIS,HOR,4,4
221-03906350,LIS,FNC,7,"2166,67"
221-03906361,LIS,PDL,"0,5","6,67"
331-84757444,LIS,SJZ,,
057-00424900,LIS,SSG,"0,2","1,39"
047-05863373,LIS,MPM,16,16
047-05863384,LIS,MPM,2,2
047-05863395,LIS,MPM,35,"45,75"
047-05863406,LIS,MPM,84,84
221-03906372,LIS,FNC,"33,5","33,5"
331-84757455,LIS,PDL,53,53
331-84757466,LIS,TER,32,32
057-00424911,LIS,SSG,32,"48,96"
331-84757470,LIS,PDL,"14,5","14,5"
221-03906383,LIS,FNC,4,"9,78"
047-05863410,LIS,DFW,69,"251,2"
118-11423963,LIS,LAD,7,10
221-03906394,LIS,FNC,5,5
221-03906405,LIS,FNC,"1,5","1,5"
047-05863421,LIS,MPM,37,"97,5"
221-03906416,LIS,FNC,624,624
118-11424000,LIS,LAD,125,125
047-05863443,LIS,FNC,31,31
047-05863454,LIS,PDL,32,32
331-84757481,LIS,TER,"17,5","17,5"
331-84757492,LIS,PIX,"1,5","1,88"
331-84757503,LIS,SMA,"1,5","1,88"
331-84757514,LIS,HOR,"9,5","9,5"
047-05863465,LIS,MPM,42,42
331-84757525,LIS,HOR,"4,5","5,67"
331-84757536,LIS,TER,"2,12","2,83"
047-05863476,LIS,GRU,694,694
118-11475225,LIS,LAD,614,614
118-11475236,LIS,LAD,"22,5","22,5"
047-05863480,LIS,RAI,60,"69,59"
057-00424922,LIS,SSG,70,"175,88"
047-09506571,GRU,MPM,"96,6","96,6"
118-11475240,LIS,LAD,670,670
176-60968342,LIS,HKG,365,365
172-44946565,ICN,LIS,334,334
221-03906420,LIS,FNC,"26,5","26,5"
331-84757540,LIS,PDL,"56,5","56,5"
331-84757551,LIS,TER,9,9
331-84757562,LIS,SMA,5,5
331-84757573,LIS,GRW,1,"1,88"
118-11475251,LIS,LAD,782,782
235-78363246,LIS,NKC,22,22
118-11475262,LIS,CBT,21,21
047-05863491,LIS,MPM,29,29
221-03906431,LIS,FNC,20,20
047-05863513,LIS,MPM,7,"9,07"
047-05863524,LIS,MPM,20,"29,15"
047-05863535,LIS,MPM,39,"81,6"
057-00424933,LIS,SSG,40,88
221-03906442,LIS,FNC,"3,6","8,33"
047-05863546,LIS,MPM,245,245
176-60968364,LIS,HKG,297,"919,72"
176-60968375,LIS,HKG,189,"273,18"
221-03906453,LIS,FNC,10,"15,45"
118-11347851,LIS,LAD,706,706
118-11347840,LIS,LAD,396,396
118-11347836,LIS,LAD,2867,2867
615-05486456,LIS,MAN,118,118
118-11347873,LIS,LAD,2196,2196
118-11347884,LIS,LAD,489,489
047-05860960,LIS,MPM,696,696
157-29768966,LIS,MAA,65,100
118-11347895,LIS,LAD,456,456
125-91080345,LIS,JNB,496,496
047-05861085,LIS,LAD,1395,1395
118-11347943,LIS,LAD,1035,1035
118-11347965,LIS,LAD,500,500
047-05861096,LIS,VXE,5,"8,8"
125-91080356,LIS,JFK,26,"36,83"
047-05861133,LIS,RAI,30,30
047-05861144,LIS,LAD,1754,1754
047-05861155,LIS,RAI,112,"119,5"
047-05861214,LIS,LAD,192,192
235-78363084,LIS,ATL,1340,"3488,54"
157-20331953,LIS,MFM,143,224
118-11347932,LIS,LAD,1182,1182
235-78363095,LIS,ATL,2788,"2816,54"
047-05861251,LIS,LAD,842,842
118-11347980,LIS,LAD,505,505
047-05861262,LIS,RAI,8,8
118-11347991,LIS,LAD,1048,1048
047-05861284,LIS,LAD,4215,5152
047-05861306,LIS,LAD,225,"240,8"
047-05861332,LIS,LAD,144,"158,4"
047-05861343,LIS,LAD,3460,3460
047-05861354,LIS,MPM,129,129
047-05861376,LIS,RAI,192,192
118-11348002,LIS,LAD,97,"120,34"
118-11348013,LIS,LAD,548,548
118-11348024,LIS,LAD,1048,1048
118-11348035,LIS,LAD,390,390
118-11348046,LIS,LAD,145,145
118-11348061,LIS,LAD,4050,4050
125-91961962,LIS,NBO,30,"43,31"
118-11348072,LIS,LAD,100,100
118-11348094,LIS,LAD,1288,1288
047-05861450,LIS,RAI,69,"78,56"
118-11348105,LIS,LAD,479,479
118-11413511,LIS,LAD,782,782
118-11413522,LIS,LAD,4340,4340
047-05861516,OPO,MPM,3360,3360
047-05861531,LIS,RAI,40,40
047-05861553,LIS,VXE,13,13
118-11413533,LIS,LAD,3850,4032
125-91961973,LIS,LHR,71,71
118-11413544,LIS,LAD,506,506
047-05861645,LIS,RAI,5,5
118-11413555,LIS,LAD,87,87
118-11413566,LIS,LAD,245,245
125-91961984,LIS,LHR,460,460
047-05861660,LIS,RAI,23,23
047-05861671,LIS,MPM,421,421
047-05861682,LIS,RAI,31,31
118-11413581,LIS,LAD,6,6
118-11413592,LIS,LAD,494,494
118-11413603,LIS,LAD,2142,"3037,97"
047-05861693,LIS,VXE,5,5
118-11413614,LIS,LAD,49,49
047-05861715,LIS,MPM,65,65
118-11413625,LIS,LAD,43,43
235-78363121,LIS,TPE,262,262
125-91961995,LIS,DXB,171,304
047-05861730,LIS,RAI,86,86
118-11413636,LIS,LAD,392,392
125-91962006,LIS,JNB,496,496
118-11413662,LIS,LAD,2255,"3643,33"
118-11413673,LIS,LAD,1489,1747
118-11413684,LIS,LAD,466,466
047-05861844,LIS,VXE,12,12
118-11413721,LIS,LAD,135,135
235-78363143,LIS,MLA,4,"5,77"
118-11413743,LIS,LAD,1142,1142
047-05861866,LIS,RAI,28,28
118-11413754,LIS,LAD,220,220
047-05861892,LIS,RAI,22,22
125-91962010,LIS,MAN,28,28
047-05861903,LIS,VXE,1,"1,87"
125-91962021,LIS,YUL,294,294
047-05861925,LIS,RAI,82,82
157-11643925,LIS,HKG,462,1280
118-11413780,LIS,LAD,519,519
157-11644010,LIS,DOH,418,418
118-11413791,LIS,LAD,411,411
047-05861940,LIS,RAI,29,29
118-11413802,LIS,LAD,1527,1527
047-05861951,LIS,VXE,105,105
047-05861962,LIS,SID,214,214
125-91962032,LIS,JNB,320,320
125-91962043,LIS,DTW,320,320
047-05861995,LIS,MPM,570,570
047-05862010,LIS,MPM,7,"15,41"
118-11413824,LIS,LAD,80,80
118-11413846,LIS,LAD,74,74
047-05862032,LIS,RAI,165,"239,65"
118-11413850,LIS,LAD,40,40
125-91962054,LIS,IAD,110,110
176-16453441,LIS,MFM,"5,5",48
020-98338203,LIS,CLE,3,"5,81"
118-11413861,LIS,LAD,887,887
047-05862102,LIS,RAI,68,68
235-78363154,LIS,ATL,950,"1517,33"
047-05862124,LIS,RAI,40,"48,75"
118-11413883,LIS,LAD,252,252
118-11413894,LIS,LAD,376,376
235-78363165,LIS,SIN,25,"27,63"
047-05862161,LIS,SID,2,2
075-46456491,LIS,EZE,176,176
118-11413916,LIS,LAD,2370,2370
047-05862183,LIS,RAI,16,16
118-11413920,LIS,LAD,388,388
118-11413986,LIS,LAD,58,58
118-11413964,LIS,LAD,141,"164,26"
235-78363176,LIS,KUL,58,58
047-05862242,LIS,VXE,"0,5","0,6"
047-05862275,LIS,MPM,3577,3577
047-05862286,LIS,YUL,7610,7610
047-05862301,LIS,RAI,12,12
118-11423510,LIS,LAD,138,176
118-11423532,LIS,LAD,1702,1702
118-11423543,LIS,LAD,107,"126,98"
235-78363213,LIS,KUL,64,"77,28"
118-11423565,LIS,LAD,346,346
615-05486460,LIS,GDL,256,"344,88"
118-11423591,LIS,LAD,185,203
118-11423624,LIS,LAD,10,10
118-11423635,LIS,LAD,202,202
047-05862566,LIS,RAI,1,1
125-91962065,LIS,MIA,255,255
047-05862570,LIS,MPM,215,215
047-05862636,LIS,RAI,20,20
235-78363224,LIS,TPE,91,"428,8"
118-11423683,LIS,LAD,3959,3959
118-11423694,LIS,LAD,376,"657,6"
118-11423705,LIS,LAD,134,134
047-05862662,LIS,VXE,40,40
047-05862706,LIS,MIA,230,230
118-11423720,LIS,LAD,210,256
118-11423764,LIS,LAD,650,"814,4"
047-05862813,LIS,RAI,25,"42,17"
125-91962076,LIS,ATH,150,150
047-05862835,LIS,RAI,50,50
020-98338214,LIS,YYZ,1843,1843
118-11423790,LIS,LAD,1690,1690
118-11423812,LIS,LAD,6000,6000
118-11423823,LIS,LAD,348,348
047-05862894,LIS,RAI,141,"231,53"
047-05862905,LIS,RAI,141,"231,53"
047-05862931,LIS,RAI,10,"20,45"
047-05862953,LIS,MPM,27,27
047-05863001,LIS,RAI,25,"28,91"
118-11423845,LIS,LAD,3,6
047-05863023,LIS,MPM,31,"43,32"
047-05863034,LIS,RAI,1,1
118-11423856,LIS,LAD,155,256
047-05863093,LIS,RAI,3,3
118-11423871,LIS,LAD,5035,5035
047-05863141,LIS,FNC,50,60
047-05863152,LIS,RAI,122,122
331-82758255,LIS,PDL,16,16
331-82762024,LIS,PIX,1,"1,88"
331-83007061,LIS,SJZ,1,"1,88"
047-05863163,LIS,MPM,195,"304,33"
047-05863174,LIS,RAI,54,"75,67"
047-05863200,LIS,RAI,2,"13,67"
118-11423893,LIS,LAD,51,51
047-05863196,LIS,RAI,24,24
118-11423926,LIS,LAD,1490,1490
118-11423930,LIS,LAD,975,975
118-11423941,LIS,LAD,900,1536
047-05863314,LIS,ORD,227,227
020-94630572,LIS,TLV,324,324
125-91962080,LIS,IAH,60,60
118-11423974,LIS,LAD,77,80
118-11423985,LIS,LAD,1649,1649
118-11423996,LIS,LAD,,
047-05863432,LIS,RAI,2,2
118-11475214,LIS,LAD,900,1536
118-11475273,LIS,LAD,487,487
047-05863502,LIS,AMS,11,"20,96"
118-11475284,LIS,LAD,3793,3793
17627516381,MAA,LIS,325,"353,334"
125-68783901,DEL,LIS,53,53
176-28504232,HKG,LIS,401,401
331-89646060,PDL,LIS,11,11
331-89646082,PDL,LIS,"9,5","9,5"
880-36064895,PVG,LIS,408,408
047-06832302,VXE,LIS,,35
057-94756023,JFK,LIS,121,121
157-10121753,MEL,LIS,,354
615-76425440,DFW,LIS,145,145
047-07265650,CLE,LIS,,110
047-04182592,ORD,LIS,,
235-15139246,CAN,LIS,,570
331-98723144,FLW,LIS,15,15
020-56591732,PVG,LIS,1504,1905
047-78928135,JFK,LIS,,"174,393"
176-27288310,HKG,LIS,362,362
176-29818084,CAN,LIS,27,"38,334"
880-35993694,SHA,LIS,3977,3977
172-44799834,XMN,LIS,90,"143,334"
047-66965732,CDG,LIS,6,6
047-07753196,MPM,LIS,"3,4","3,4"
880-35993716,SZX,LIS,,788
176-29134442,PVG,LIS,54,54
403-14535242,SHA,LIS,4339,4339
047-07753233,MPM,LIS,,"9,6"
047-05461396,FCO,LIS,,"23,87"
020-82032296,ORD,LIS,17,17
047-07753200,MPM,LIS,,"18,4"
331-89679446,SMA,LIS,27,27
331-82052552,TER,LIS,"1,8","1,8"
331-82052563,TER,LIS,"6,8","6,8"
074-41164454,ORD,LIS,10,10
020-31092821,HYD,LIS,140,140
176-25952076,AMD,LIS,28,28
176-27283465,HKG,LIS,1109,1109
580-26859232,CGO,LIS,2977,3645
047-06832696,RAI,LIS,,10
331-89657584,HOR,LIS,5,5
331-89646163,PDL,LIS,11,11
772881984788,BKK,LIS,55,55
047-07265661,LSE,LAD,50,"61,667"
047-06832755,RAI,LIS,,10
047-07753325,MPM,LIS,2,2
047-06671442,LAD,LIS,185,185
047-07265694,MEM,LIS,260,261
176-27476256,HKG,LIS,420,420
331-98708901,PIX,LIS,55,55
020-45858164,BOM,LIS,"72,1","72,1"
057-83718283,STO,LIS,26,26
000-07692521,GRU,LIS,"28,7",45
898-80136254,SHA,LIS,1798,1798
331-89646185,PDL,LIS,"14,5","14,5"
331-82052600,TER,LIS,"1,4","1,4"
047-06733160,FNC,LIS,20,20
724-07075110,DEL,LIS,55,55
020-30653184,SHA,LIS,312,312
580-26859626,SGH,LIS,1505,1905
047-09496911,MPM,LIS,155,155
331-98723435,FLW,LIS,29,29
047-07543793,MUC,LIS,70,85
615-32030972,CDG,LIS,4,4
057-85086606,LAX,LIS,382,"501,667"
235-53773790,DFW,LIS,118,121
331-82052526,TER,LIS,"7,6","7,6"
047-07721700,TER,LIS,"8,2","8,2"
047-07721652,TER,LIS,"0,6","0,6"
020-30750635,SHA,LIS,"78,8","78,8"
057-95821051,PVG,LIS,479,479
074-38690046,SHA,LIS,254,254
331-89657831,HOR,LIS,"4,5","4,5"
331-98709380,PIX,LIS,"2,9","2,9"
615-01306395,TLV,LIS,,264
331-98709391,PIX,LIS,"19,9","19,9"
176-29599286,SIN,LIS,,"24,319"
898-80136313,PVG,LIS,4022,"4013,334"
047-06833120,RAI,LIS,,5
047-04182426,ORD,LIS,,"65,504"
047-05055083,MXP,LIS,31,31
047-06833282,VXE,LIS,,"5,301"
047-07721873,TER,LIS,"40,2","40,2"
125-93023976,LHR,LIS,,"24,44"
331-98709693,PIX,LIS,15,15
047-06833374,RAI,LIS,,"1,581"
2012471742,MAN,LIS,90,90
074-43487393,PVG,LIS,257,257
047-07265705,CLE,LIS,63,75
057-83718316,STO,LIS,26,26
047-06833363,RAI,LIS,,106
047-09497353,RAI,LIS,,"23,467"
615-32526491,CDG,LIS,4,4
172-47787471,SZX,LIS,,216
047-07817375,MSP,LIS,,171
176-28088572,BOM,LIS,,"29,5"
898-80137131,NBG,LIS,51,"93,334"
176-28088384,BOM,LIS,"28,18","28,18"
615-76425462,DFW,LIS,130,"188,334"
172-03285391,SEA,LIS,90,90
176-60266695,PVG,LIS,44,"68,667"
047-06522412,PVG,LIS,530,"666,667"
125-93024164,MAN,LIS,,"38,383"
773629128999,SAO,LIS,10,10
176-28989542,MEL,LIS,,110
773519724676,GRU,LIS,,"1,035"
020-95549241,PEK,LIS,103,103
118-11387622,LAD,LIS,26,26
047-06653242,BRU,LIS,110,110
125-92217370,DEL,LIS,88,88
176-63154066,BOM,LIS,"28,27","28,27"
057-83718320,STO,LIS,,26
898-80137621,PVG,LIS,227,"436,667"
047-04182533,CL5,LIS,130,268
615-10975252,LAX,LIS,,"66,044"
235-16794923,SZX,LIS,85,"100,167"
020-48076700,PEK,LIS,55,55
047-04998081,CDG,LIS,45,45
047-03286113,EWR,LIS,148,148
057-95822650,PVG,LIS,100,100
020-30805202,PVG,LIS,601,601
047-07828844,BOS,LIS,9,9
020-30796323,SHA,LIS,28,28
047-05461411,MXP,LIS,,29
176-68267511,HKG,LIS,391,391
172-48152521,PVG,LIS,3110,"3808,334"
235-16893192,PVG,LIS,100,"103,334"
235-21354690,TPE,LIS,123,123
172-46437204,XAM,LIS,447,605
047-09577050,VXE,LIS,,"10,667"
235-16418846,HYD,LIS,"33,18","33,18"
235-18531881,GGZ,LIS,121,121
176-66445116,HKG,LIS,61,61
331-89845980,PDL,LIS,,1
172-47365592,BKK,LIS,"396,9","396,9"
176-66467030,SZX,LIS,41,50
172-48217794,PVG,LIS,116,116
020-31214912,PEK,LIS,273,273
125-93330064,LHR,LIS,23,23
615-32971934,MIA,LIS,,"74,8"
047-06673170,LAD,LIS,,3
047-0493,MIA,LIS,,"90,7"
615-03032514,CDG,LIS,5,5
047-09412056,STO,LIS,33,33
403-15248855,PVG,LIS,711,711
047-04939616,ORD,LIS,,1515
176-67842762,PVG,LIS,29,29
176-64420053,BOM,LIS,"12,65","12,65"
047-06512984,LHR,LIS,,"46,3"
047-06733591,FNC,LIS,50,50
057-99784856,JFK,LIS,185,185
057-92803255,ORD,LIS,"1349,44","1349,44"
074-41952245,CPT,LIS,,"209,264"
074-45874511,HGH,LIS,57,57
047-07853414,CDG,LIS,63,63
057-91871334,ICN,LIS,369,386
020-94154793,DFW,LIS,168,168
020-14579821,SHA,LIS,126,126
020-33248154,ORD,LIS,"2764,65","2764,65"
047-06733215,FNC,LIS,20,20
047-06733322,FNC,LIS,"0,5","1,58"
047-06733366,FNC,LIS,29,29
221-03759604,FNC,LIS,8,8
047-06733495,FNC,LIS,152,152
221-03759615,FNC,LIS,51,"63,02"
221-03759630,FNC,LIS,146,146
221-03759626,FNC,LIS,291,"320,87"
057-94392325,GRU,LIS,"54,1","66,667"
074-42664775,YYZ,LIS,,"174,427"
047-06832604,VXE,LIS,,"2,352"
047-06671350,LAD,LIS,25,25
047-05461400,FCO,LIS,"78,41","78,41"
074-43220391,SHA,LIS,726,726
074-43220380,SHA,LIS,433,433
057-95042931,PVG,LIS,906,906
020-88544116,MIA,LIS,1,1
047-06671593,LAD,LIS,15,15
057-93942634,PVG,LIS,3848,3848
118,,LIS,,
074-42269124,PVG,LIS,146,146
125,LIS,MAN,,
176-27516543,MAA,LIS,98,98
074-43922395,PVG,LIS,1001,1001
47,,LIS,,
898-80136921,SZX,LIS,148,"173,334"
176-63597251,PVG,LIS,96,"168,834"
176-27958910,TPE,LIS,149,149
176-64514855,MAA,LIS,161,161
406-00382502,JFK,LIS,"385,55","385,55"
118-11387611,LAD,LIS,11,11
047-04182452,STL,LIS,196,196
235-15746813,TPE,LIS,100,100
227-50261794,SNZ,LIS,1312,1312
125-91953562,LHR,LIS,61,61
020-30794201,PVG,LIS,484,484
047-06672632,LAD,LIS,1343,1343
331-89646130,PDL,LIS,4,"5,87"
331-89646222,PDL,LIS,29,29
331-89646255,PDL,LIS,,"38,04"
331-98723855,PDL,LIS,,
331-89646270,PDL,LIS,"5,6","7,35"
331-98724021,FLW,LIS,,
331-89657982,HOR,LIS,,
331-82052736,TER,LIS,,
331-89845582,PDL,LIS,33,33
331-98724124,FLW,LIS,1,1
047-07721932,PDL,LIS,"1,2","1,2"
331-89845615,PDL,LIS,66,66
047-07721980,PDL,LIS,,
331-89845626,PDL,LIS,,"3,13"
047-07722050,PDL,LIS,,
331-89845674,PDL,LIS,16,"17,6"
331-89658085,HOR,LIS,,
331-89845722,PDL,LIS,6,"6,16"
331-98712504,PDL,LIS,,
331-89845755,PDL,LIS,4,4
331-89845766,PDL,LIS,17,17
331-82052876,TER,LIS,,
331-98709984,PDL,LIS,,
331-82052880,TER,LIS,,
331-89845825,PDL,LIS,"3,34","3,84"
331-89845792,PDL,LIS,1,"2,58"
331-89827636,TER,LIS,,
331-89827592,TER,LIS,,
331-89679741,SMA,LIS,,
331-98710301,PDL,LIS,,
331-89845884,PDL,LIS,70,70
331-89827673,TER,LIS,,
331-89845921,PDL,LIS,"9,5","9,5"
331-98702052,PDL,LIS,,
331-98710426,PDL,LIS,,
047-07723402,TER,LIS,,
331-88866971,SJZ,LIS,,
047-07723516,TER,LIS,,
331-98702203,HOR,LIS,,
331-89846061,PDL,LIS,80,80
